{
  "description": {
    "title": "",
    "text": ""
  },
  "links_1": {
    "list_pages": true,
    "title": "Páginas",
    "list": []
  },
  "links_2": {
    "list_categories": true,
    "title": "Categorias",
    "list": []
  },
  "contacts": {
    "title": "Contatos",
    "phone_wpp": true,
    "socials": true,
    "email": true,
    "address": true
  },
  "stamps": [
    {
      "src": "/img/uploads/ssl-safe.png",
      "alt": "Secure connection"
    }
  ],
  "payment_methods": {
    "pix": true,
    "visa": true,
    "mastercard": true,
    "elo": true,
    "amex": true,
    "hipercard": true,
    "boleto": true
  },
  "credits": "ALBÂNIA 10 COMÉRCIO DE VARIEDADES LTDA - CNPJ: 31.233.477/0001-40 - © - Todos os direitos reservados ESCRITÓRIO ADMINISTRATIVO: Avenida Selma Parada, 201 - Conj. 321 - Sala 442O - Jardim Madalena - CEP: 13091-605 - Campinas/SP"
}